-- phpMyAdmin SQL Dump
-- version 2.10.3
-- http://www.phpmyadmin.net
-- 
-- Host: localhost
-- Generation Time: Oct 10, 2016 at 05:42 PM
-- Server version: 5.0.51
-- PHP Version: 5.2.6

SET SQL_MODE="NO_AUTO_VALUE_ON_ZERO";

-- 
-- Database: `project_webboard`
-- 

-- --------------------------------------------------------

-- 
-- Table structure for table `account_data`
-- 

CREATE TABLE `account_data` (
  `account_id` int(11) unsigned NOT NULL auto_increment,
  `username` varchar(64) collate utf8_bin NOT NULL,
  `password` varchar(64) collate utf8_bin NOT NULL,
  `account_type` tinyint(1) NOT NULL,
  `is_del` tinyint(1) NOT NULL,
  `email` varchar(255) collate utf8_bin NOT NULL,
  PRIMARY KEY  (`account_id`)
) ENGINE=MyISAM  DEFAULT CHARSET=utf8 COLLATE=utf8_bin AUTO_INCREMENT=7 ;

-- 
-- Dumping data for table `account_data`
-- 

INSERT INTO `account_data` VALUES (1, 0x61646d696e, 0x717765727479, 1, 0, 0x6368616e673033383640676d61696c2e636f6d);
INSERT INTO `account_data` VALUES (2, 0x7573657231, 0x7573657231, 2, 0, 0x757365723140676d61696c2e636f6d);
INSERT INTO `account_data` VALUES (3, 0x7573657232, 0x7573657232, 2, 0, 0x757365723240676d61696c2e636f6d);
INSERT INTO `account_data` VALUES (4, 0x74657374, 0x31323334, 0, 0, 0x7465737440676d61696c2e636f6d);
INSERT INTO `account_data` VALUES (5, 0x7465737432, 0x34353637, 0, 0, 0x746573743240676d61696c2e636f6d);
INSERT INTO `account_data` VALUES (6, 0x72727272, 0x31323334, 0, 0, 0x7272727240676d61696c2e636f6d);

-- --------------------------------------------------------

-- 
-- Table structure for table `comment_data`
-- 

CREATE TABLE `comment_data` (
  `id` int(11) NOT NULL auto_increment,
  `topic_id` int(6) NOT NULL,
  `account_id` int(6) NOT NULL,
  `comment_datetime` datetime NOT NULL,
  `is_delete` tinyint(1) NOT NULL,
  `comment_text` text collate utf8_bin NOT NULL,
  PRIMARY KEY  (`id`)
) ENGINE=MyISAM  DEFAULT CHARSET=utf8 COLLATE=utf8_bin AUTO_INCREMENT=5 ;

-- 
-- Dumping data for table `comment_data`
-- 

INSERT INTO `comment_data` VALUES (1, 1, 1, '2016-10-10 14:08:00', 0, 0xe0b89ae0b897e0b884e0b8a7e0b8b2e0b8a1e0b894e0b8b5e0b8a1e0b8b2e0b881e0b884e0b8a3e0b8b1e0b89a20e0b888e0b8b0e0b8a5e0b8ade0b887e0b984e0b89be0b8aae0b8a1e0b8b1e0b884e0b8a3e0b894e0b8b9e0b89ae0b989e0b8b2e0b887);
INSERT INTO `comment_data` VALUES (2, 1, 5, '2016-10-10 14:44:30', 0, 0xe0b897e0b894e0b8aae0b8ade0b89a20e0b884e0b8ade0b8a1e0b980e0b8a1e0b989e0b899);
INSERT INTO `comment_data` VALUES (3, 1, 5, '2016-10-10 14:45:51', 0, 0xe0b897e0b894e0b8aae0b8ade0b89a20e0b884e0b8ade0b8a1e0b980e0b8a1e0b989e0b8992032);
INSERT INTO `comment_data` VALUES (4, 5, 1, '2016-10-10 16:35:47', 0, 0xe0b897e0b894e0b8aae0b8ade0b89a20e0b884e0b8ade0b8a1e0b980e0b8a1e0b989e0b899);

-- --------------------------------------------------------

-- 
-- Table structure for table `topic_cate`
-- 

CREATE TABLE `topic_cate` (
  `id` int(11) NOT NULL auto_increment,
  `name` varchar(255) collate utf8_bin NOT NULL,
  `is_delete` tinyint(1) NOT NULL,
  `webboard_cate_id` int(6) NOT NULL,
  `webboard_id` int(6) NOT NULL,
  PRIMARY KEY  (`id`)
) ENGINE=MyISAM  DEFAULT CHARSET=utf8 COLLATE=utf8_bin AUTO_INCREMENT=7 ;

-- 
-- Dumping data for table `topic_cate`
-- 

INSERT INTO `topic_cate` VALUES (1, 0xe0b89de0b8b2e0b881e0b8ade0b8ade0b8a1e0b897e0b8a3e0b8b1e0b89ee0b8a2e0b98c, 0, 1, 1);
INSERT INTO `topic_cate` VALUES (2, 0xe0b89de0b8b2e0b881e0b89be0b8a3e0b8b0e0b888e0b8b3, 0, 1, 1);
INSERT INTO `topic_cate` VALUES (3, 0xe0b89de0b8b2e0b881e0b8a3e0b8b0e0b8a2e0b8b0e0b8a2e0b8b2e0b8a7, 0, 1, 1);
INSERT INTO `topic_cate` VALUES (4, 0xe0b89de0b8b2e0b881e0b984e0b8a1e0b988e0b89be0b8a3e0b8b0e0b888e0b8b3, 0, 1, 1);
INSERT INTO `topic_cate` VALUES (5, 0xe0b881e0b8ade0b887e0b897e0b8b8e0b899e0b8a3e0b8a7e0b8a120544d42, 0, 2, 2);
INSERT INTO `topic_cate` VALUES (6, 0xe0b881e0b8ade0b887e0b897e0b8b8e0b899e0b8a3e0b8a7e0b8a1e0b984e0b897e0b8a2e0b89ee0b8b2e0b893e0b8b4e0b88ae0b8a2e0b98c, 0, 2, 2);

-- --------------------------------------------------------

-- 
-- Table structure for table `topic_data`
-- 

CREATE TABLE `topic_data` (
  `topic_id` int(11) unsigned NOT NULL auto_increment,
  `topic_name` varchar(128) collate utf8_bin NOT NULL,
  `topic_cate_id` int(6) NOT NULL,
  `topic_image` text collate utf8_bin NOT NULL,
  `topic_text` text collate utf8_bin NOT NULL,
  `topic_datetime` datetime NOT NULL,
  `is_delete` tinyint(1) NOT NULL,
  `account_id` int(6) NOT NULL,
  `webboard_id` int(6) NOT NULL,
  `edit_datetime` datetime NOT NULL,
  PRIMARY KEY  (`topic_id`)
) ENGINE=MyISAM  DEFAULT CHARSET=utf8 COLLATE=utf8_bin AUTO_INCREMENT=6 ;

-- 
-- Dumping data for table `topic_data`
-- 

INSERT INTO `topic_data` VALUES (1, 0x52657669657720e0b89ae0b8b1e0b88de0b88ae0b8b5e0b897e0b8b5e0b980e0b8ade0b987e0b8a1e0b89ae0b8b5e0b8ade0b8ade0b8a5e0b98ce0b89fe0b8a3e0b8b5, 4, '', 0xe0b897e0b8b5e0b980e0b8ade0b987e0b8a1e0b89ae0b8b520e0b980e0b89be0b8b4e0b894e0b895e0b8b1e0b8a7e0b89ae0b8b1e0b88de0b88ae0b8b520e2809ce0b897e0b8b5e0b980e0b8ade0b987e0b8a1e0b89ae0b8b520e0b8ade0b8ade0b8a5e0b8a5e0b98c20e0b89fe0b8a3e0b8b5e2809d2028544d4220416c6c20467265652920e0b983e0b8abe0b8a1e0b98820e0b89ae0b8b1e0b88de0b88ae0b8b5e0b980e0b894e0b8b5e0b8a2e0b8a7e0b897e0b8b5e0b988e0b894e0b8b5e0b897e0b8b5e0b988e0b8aae0b8b8e0b894e0b983e0b899e0b89be0b8a3e0b8b0e0b980e0b897e0b8a820e0b895e0b8ade0b89ae0b982e0b888e0b897e0b8a2e0b98ce0b897e0b8b8e0b881e0b881e0b8b2e0b8a3e0b897e0b8b3e0b898e0b8b8e0b8a3e0b881e0b8a3e0b8a3e0b8a1e0b897e0b8b2e0b887e0b881e0b8b2e0b8a3e0b980e0b887e0b8b4e0b89920e0b983e0b8abe0b989e0b8a5e0b8b9e0b881e0b884e0b989e0b8b220e0b881e0b89420e0b982e0b8ade0b89920e0b888e0b988e0b8b2e0b8a220e0b89fe0b8a3e0b8b520e0b984e0b8a1e0b988e0b8a1e0b8b5e0b884e0b988e0b8b2e0b898e0b8a3e0b8a3e0b8a1e0b980e0b899e0b8b5e0b8a2e0b8a120e0b897e0b8b5e0b988e0b8aae0b8b3e0b884e0b8b1e0b88de0b884e0b8b7e0b8ad20e0b984e0b8a1e0b988e0b888e0b8b3e0b881e0b8b1e0b894e0b888e0b8b3e0b899e0b8a7e0b899e0b884e0b8a3e0b8b1e0b989e0b88720e0b895e0b8ade0b881e0b8a2e0b989e0b8b3e0b884e0b8a7e0b8b2e0b8a1e0b980e0b89be0b987e0b899e0b89ce0b8b9e0b989e0b899e0b8b3e0b983e0b899e0b881e0b8b2e0b8a3e0b8aae0b8a3e0b989e0b8b2e0b887e0b884e0b8b8e0b893e0b884e0b988e0b8b2e0b981e0b8a5e0b8b0e0b8aae0b8b4e0b897e0b898e0b8b4e0b89be0b8a3e0b8b0e0b982e0b8a2e0b88ae0b899e0b98ce0b983e0b8abe0b989e0b8a5e0b8b9e0b881e0b884e0b989e0b8b2e0b8ade0b8a2e0b988e0b8b2e0b887e0b895e0b988e0b8ade0b980e0b899e0b8b7e0b988e0b8ade0b88720e0b980e0b89ee0b8b7e0b988e0b8ade0b983e0b8abe0b989e0b8a5e0b8b9e0b881e0b884e0b989e0b8b2e0b983e0b88ae0b989e0b88ae0b8b5e0b8a7e0b8b4e0b895e0b984e0b894e0b989e0b980e0b895e0b987e0b8a1e0b897e0b8b5e0b988e0b983e0b899e0b981e0b89ae0b89ae0b897e0b8b5e0b988e0b895e0b989e0b8ade0b887e0b881e0b8b2e0b8a320e0b983e0b899e0b8a2e0b8b8e0b884e0b894e0b8b4e0b888e0b8b4e0b897e0b8b1e0b8a5, '2016-10-10 13:19:20', 0, 1, 1, '0000-00-00 00:00:00');
INSERT INTO `topic_data` VALUES (2, 0x53434220e0b8a1e0b8b5e0b981e0b895e0b988e0b984e0b894e0b98920e0b8aae0b8a1e0b8b1e0b884e0b8a3e0b984e0b894e0b989e0b896e0b8b6e0b887e0b898e0b8b1e0b899e0b8a7e0b8b2e0b884e0b8a1203235353920e0b980e0b897e0b988e0b8b2e0b899e0b8b1e0b989e0b899, 1, 0x75706c6f61645f696d616765732f7363625f323031306c6f676f2e706e67, 0xe0b89ae0b8b1e0b88de0b88ae0b8b5e0b980e0b887e0b8b4e0b899e0b89de0b8b2e0b881e0b89be0b8a3e0b8b0e0b888e0b8b3e0b984e0b894e0b989e0b881e0b8b1e0b89ae0b984e0b894e0b9892028313520e0b980e0b894e0b8b7e0b8ade0b8992920e0b983e0b8abe0b989e0b8a5e0b8b9e0b881e0b884e0b989e0b8b2e0b8a1e0b8b5e0b981e0b895e0b988e0b984e0b894e0b989e0b881e0b8b1e0b89ae0b984e0b894e0b98920e0b984e0b894e0b989e0b894e0b8ade0b881e0b980e0b89ae0b8b5e0b989e0b8a2e0b981e0b89ae0b89ae0b882e0b8b1e0b989e0b899e0b89ae0b8b1e0b899e0b984e0b894e0b8aae0b8b9e0b887e0b8aae0b8b8e0b89420322e322520e0b984e0b894e0b989e0b8a3e0b8b1e0b89ae0b894e0b8ade0b881e0b980e0b89ae0b8b5e0b989e0b8a2e0b897e0b8b8e0b881203520e0b980e0b894e0b8b7e0b8ade0b89920e0b980e0b882e0b989e0b8b2e0b89ae0b8b1e0b88de0b88ae0b8b5e0b8ade0b8ade0b8a1e0b897e0b8a3e0b8b1e0b89ee0b8a2e0b98ce0b8abe0b8a3e0b8b7e0b8ade0b881e0b8a3e0b8b0e0b981e0b8aae0b8a3e0b8b2e0b8a2e0b8a7e0b8b1e0b899, '2016-10-10 15:33:54', 1, 5, 1, '0000-00-00 00:00:00');
INSERT INTO `topic_data` VALUES (4, 0xe0b897e0b894e0b8aae0b8ade0b89ae0b881e0b8ade0b887e0b897e0b8b8e0b899, 5, 0x75706c6f61645f696d616765732f646f776e6c6f61642e6a7067, 0xe0b980e0b89be0b987e0b899e0b881e0b8b2e0b8a3e0b8a3e0b8a7e0b89ae0b8a3e0b8a7e0b8a1e0b980e0b887e0b8b4e0b899e0b897e0b8b8e0b899e0b888e0b8b2e0b881e0b899e0b8b1e0b881e0b8a5e0b887e0b897e0b8b8e0b899e0b897e0b8b1e0b988e0b8a7e0b984e0b89b20e0b884e0b899e0b8a5e0b8b0e0b980e0b8a5e0b987e0b881e0b884e0b899e0b8a5e0b8b0e0b899e0b989e0b8ade0b8a220e0b980e0b89ee0b8b7e0b988e0b8ade0b8a3e0b8a7e0b8a1e0b980e0b89be0b987e0b899e0b980e0b887e0b8b4e0b899e0b881e0b989e0b8ade0b899e0b882e0b899e0b8b2e0b894e0b983e0b8abe0b88de0b98820e0b981e0b8a5e0b989e0b8a7e0b899e0b8b3e0b980e0b887e0b8b4e0b899e0b897e0b8b5e0b988e0b8a3e0b8a7e0b89ae0b8a3e0b8a7e0b8a1e0b899e0b8b1e0b989e0b899e0b984e0b89be0b8a5e0b887e0b897e0b8b8e0b899e0b895e0b8b2e0b8a1e0b897e0b8b5e0b988e0b984e0b894e0b989e0b895e0b881e0b8a5e0b887e0b881e0b8b1e0b89ae0b899e0b8b1e0b881e0b8a5e0b887e0b897e0b8b8e0b89920e0b881e0b8ade0b887e0b897e0b8b8e0b899e0b897e0b8b5e0b988e0b8a3e0b8a7e0b89ae0b8a3e0b8a7e0b8a1e0b980e0b887e0b8b4e0b899e0b897e0b8b5e0b988e0b984e0b894e0b989e0b899e0b8b5e0b989e0b888e0b8b0e0b984e0b894e0b989e0b8a3e0b8b1e0b89ae0b881e0b8b2e0b8a3e0b89ae0b8a3e0b8b4e0b8abe0b8b2e0b8a3e0b888e0b8b1e0b894e0b881e0b8b2e0b8a3e0b888e0b8b2e0b881e0b89ae0b8a3e0b8b4e0b8a9e0b8b1e0b897e0b888e0b8b1e0b894e0b881e0b8b2e0b8a3e0b881e0b8ade0b887e0b897e0b8b8e0b899e0b88be0b8b6e0b988e0b887e0b8a1e0b8b5e0b8abe0b899e0b989e0b8b2e0b897e0b8b5e0b988e0b8a5e0b887e0b897e0b8b8e0b899e0b981e0b897e0b899e0b899e0b8b1e0b881e0b8a5e0b887e0b897e0b8b8e0b899e0b8abe0b8a3e0b8b7e0b8ade0b89ce0b8b9e0b989e0b896e0b8b7e0b8ade0b8abe0b899e0b988e0b8a7e0b8a2e0b8a5e0b887e0b897e0b8b8e0b89920e0b981e0b8a5e0b8b0e0b8a1e0b8b5e0b881e0b8b2e0b8a3e0b888e0b8b1e0b894e0b895e0b8b1e0b989e0b887e0b89ce0b8b9e0b989e0b894e0b8b9e0b981e0b8a5e0b89ce0b8a5e0b89be0b8a3e0b8b0e0b982e0b8a2e0b88ae0b899e0b98ce0b980e0b89ee0b8b4e0b988e0b8a1e0b882e0b8b6e0b989e0b899e0b8a1e0b8b2e0b8ade0b8b5e0b881e0b88be0b8b6e0b988e0b887e0b881e0b88ee0b8abe0b8a1e0b8b2e0b8a2e0b888e0b8b0e0b881e0b8b3e0b8abe0b899e0b894e0b980e0b8ade0b8b2e0b984e0b8a7e0b98920e0b980e0b89ee0b8b7e0b988e0b8ade0b884e0b8ade0b8a2e0b894e0b8b9e0b981e0b8a5e0b980e0b887e0b8b4e0b899e0b881e0b8ade0b887e0b897e0b8b8e0b899e0b899e0b8b1e0b989e0b899e0b981e0b897e0b899e0b899e0b8b1e0b881e0b8a5e0b887e0b897e0b8b8e0b899e0b897e0b8b5e0b988e0b899e0b8b3e0b980e0b887e0b8b4e0b899e0b8a1e0b8b2e0b8a5e0b887e0b897e0b8b8e0b89920e0b983e0b899e0b881e0b8a3e0b893e0b8b5e0b897e0b8b5e0b988e0b89ae0b8a3e0b8b4e0b8a9e0b8b1e0b897e0b888e0b8b1e0b894e0b881e0b8b2e0b8a3e0b881e0b8ade0b887e0b897e0b8b8e0b899e0b8a5e0b989e0b8a120e0b89ce0b8b9e0b989e0b894e0b8b9e0b981e0b8a5e0b89ce0b8a5e0b89be0b8a3e0b8b0e0b982e0b8a2e0b88ae0b899e0b98ce0b881e0b987e0b888e0b8b0e0b88ae0b894e0b980e0b88ae0b8a2e0b983e0b8abe0b989e0b881e0b8b1e0b89ae0b899e0b8b1e0b881e0b8a5e0b887e0b897e0b8b8e0b89920e0b8abe0b8a3e0b8b7e0b8ade0b89ae0b8a3e0b8b4e0b8a9e0b8b1e0b897e0b888e0b8b1e0b894e0b881e0b8b2e0b8a3e0b881e0b8ade0b887e0b897e0b8b8e0b899e0b984e0b8a1e0b988e0b984e0b894e0b989e0b897e0b8b3e0b895e0b8b2e0b8a1e0b8abe0b899e0b8b1e0b887e0b8aae0b8b7e0b8ade0b88ae0b8b5e0b989e0b88ae0b8a7e0b899e0b89ce0b8b9e0b989e0b894e0b8b9e0b981e0b8a5e0b89ce0b8a5e0b89be0b8a3e0b8b0e0b982e0b8a2e0b88ae0b899e0b98ce0b881e0b987e0b888e0b8b0e0b980e0b8ade0b8b2e0b89ce0b8b4e0b894e0b89ae0b8a3e0b8b4e0b8a9e0b8b1e0b897e0b888e0b8b1e0b894e0b881e0b8b2e0b8a3e0b881e0b8ade0b887e0b897e0b8b8e0b899e0b981e0b897e0b899e0b89ce0b8b9e0b989e0b896e0b8b7e0b8ade0b8abe0b899e0b988e0b8a7e0b8a2e0b8a5e0b887e0b897e0b8b8e0b899e0b984e0b894e0b989e0b980e0b88ae0b988e0b899e0b881e0b8b1e0b8990d0a0d0ae0b881e0b8ade0b887e0b897e0b8b8e0b899e0b8a3e0b8a7e0b8a1e0b8a1e0b8b5e0b8aae0b896e0b8b2e0b899e0b8b0e0b980e0b89be0b987e0b899e0b899e0b8b4e0b895e0b8b4e0b89ae0b8b8e0b884e0b884e0b8a5e0b981e0b8a2e0b881e0b895e0b988e0b8b2e0b887e0b8abe0b8b2e0b881e0b888e0b8b2e0b881e0b89ae0b8a3e0b8b4e0b8a9e0b8b1e0b897e0b888e0b8b1e0b894e0b881e0b8b2e0b8a3e0b881e0b8ade0b887e0b897e0b8b8e0b89920e0b894e0b8b1e0b887e0b899e0b8b1e0b989e0b899e0b89ce0b8a5e0b89be0b8a3e0b8b0e0b881e0b8ade0b89ae0b881e0b8b2e0b8a3e0b8abe0b8a3e0b8b7e0b8ade0b884e0b8a7e0b8b2e0b8a1e0b899e0b988e0b8b2e0b980e0b88ae0b8b7e0b988e0b8ade0b896e0b8b7e0b8ade0b882e0b8ade0b887e0b89ae0b8a3e0b8b4e0b8a9e0b8b1e0b897e0b888e0b8b1e0b894e0b881e0b8b2e0b8a3e0b881e0b8ade0b887e0b897e0b8b8e0b899e0b888e0b8b6e0b887e0b984e0b8a1e0b988e0b980e0b89be0b987e0b899e0b980e0b884e0b8a3e0b8b7e0b988e0b8ade0b887e0b88ae0b8b5e0b989e0b8a7e0b8b1e0b894e0b896e0b8b6e0b887e0b89ce0b8a5e0b895e0b8ade0b89ae0b981e0b897e0b899e0b8abe0b8a3e0b8b7e0b8ade0b980e0b89be0b987e0b899e0b8abe0b8a5e0b8b1e0b881e0b89be0b8a3e0b8b0e0b881e0b8b1e0b899e0b882e0b8ade0b887e0b980e0b887e0b8b4e0b899e0b8a5e0b887e0b897e0b8b8e0b899e0b981e0b895e0b988e0b8ade0b8a2e0b988e0b8b2e0b887e0b983e0b894, '2016-10-10 16:20:11', 0, 1, 2, '0000-00-00 00:00:00');
INSERT INTO `topic_data` VALUES (5, 0x544553542054455354, 2, 0x75706c6f61645f696d616765732f4931313238333237352d766f7465332e6a7067, 0x54455354205445535420e0b89de0b8b2e0b881e0b89be0b8a3e0b8b0e0b888e0b8b3, '2016-10-10 16:34:59', 0, 1, 1, '0000-00-00 00:00:00');

-- --------------------------------------------------------

-- 
-- Table structure for table `webboard_cate`
-- 

CREATE TABLE `webboard_cate` (
  `id` int(11) NOT NULL auto_increment,
  `name` varchar(255) collate utf8_bin NOT NULL,
  `is_delete` tinyint(1) NOT NULL,
  PRIMARY KEY  (`id`)
) ENGINE=MyISAM  DEFAULT CHARSET=utf8 COLLATE=utf8_bin AUTO_INCREMENT=3 ;

-- 
-- Dumping data for table `webboard_cate`
-- 

INSERT INTO `webboard_cate` VALUES (1, 0xe0b980e0b887e0b8b4e0b899e0b89de0b8b2e0b881, 0);
INSERT INTO `webboard_cate` VALUES (2, 0xe0b8abe0b8b8e0b989e0b8992fe0b881e0b8b2e0b8a3e0b8a5e0b887e0b897e0b8b8e0b899, 0);

-- --------------------------------------------------------

-- 
-- Table structure for table `webboard_data`
-- 

CREATE TABLE `webboard_data` (
  `board_id` int(11) unsigned NOT NULL auto_increment,
  `board_topic` varchar(255) collate utf8_bin NOT NULL,
  `webboard_cate_id` int(6) NOT NULL,
  `account_id` int(11) NOT NULL,
  `board_datetime` datetime NOT NULL,
  PRIMARY KEY  (`board_id`)
) ENGINE=MyISAM  DEFAULT CHARSET=utf8 COLLATE=utf8_bin AUTO_INCREMENT=3 ;

-- 
-- Dumping data for table `webboard_data`
-- 

INSERT INTO `webboard_data` VALUES (1, 0xe0b89ee0b8b9e0b894e0b884e0b8b8e0b8a22de0b981e0b8a5e0b881e0b980e0b89be0b8a5e0b8b5e0b988e0b8a2e0b89920e0b980e0b8a3e0b8b7e0b988e0b8ade0b887e0b881e0b8b2e0b8a3e0b8ade0b8ade0b8a1e0b980e0b887e0b8b4e0b899, 1, 1, '2016-10-10 12:51:55');
INSERT INTO `webboard_data` VALUES (2, 0xe0b89ee0b8b9e0b894e0b884e0b8b8e0b8a22de0b981e0b8a5e0b881e0b980e0b89be0b8a5e0b8b5e0b988e0b8a2e0b89920e0b980e0b8a3e0b8b7e0b988e0b8ade0b887e0b881e0b8b2e0b8a3e0b8a5e0b887e0b897e0b8b8e0b899, 2, 1, '2016-10-10 12:51:59');
